Region,Condition,Rooms,Rent,Year_Construction,Space
Mitte,first_time_use,4.0,2659.0,2019,117.2
Kreuzberg,first_time_use,1.0,1200.0,2020,29.33
Köpenick,well_kept,2.0,979.0,1997,83.61
Wilmersdorf,well_kept,4.0,1830.22,1900,171.18
Kreuzberg,first_time_use,2.0,2272.0,2020,88.27
Köpenick,well_kept,2.0,840.0,1997,73.51
Mitte,mint_condition,2.0,1509.45,2015,61.61
Charlottenburg,well_kept,2.0,730.73,1900,72.61
Friedrichsfelde,well_kept,2.0,561.93,1971,62.4
Tiergarten,first_time_use,3.0,1789.0,2020,77.66
Mitte,first_time_use,4.0,2499.0,2019,125.2
Kreuzberg,first_time_use,2.0,2328.0,2020,90.36
Mitte,first_time_use,3.0,2500.0,2019,81.1
Kreuzberg,mint_condition,2.0,6450.0,2016,186.0
Tiergarten,first_time_use,2.0,1399.65,2019,66.65
Mitte,well_kept,2.0,1505.6,2018,75.28
Friedrichsfelde,first_time_use,3.5,1429.1,2020,82.05
Köpenick,mint_condition,1.0,930.0,2018,29.12
Friedrichsfelde,first_time_use,2.0,868.06,2020,49.19
Mitte,first_time_use,4.0,2179.0,2019,95.8
Mitte,no_information,3.0,1829.0,2019,67.0
Köpenick,well_kept,3.0,1589.0,1994,105.47
Prenzlauer,mint_condition,3.0,1831.0,2019,72.28
Tiergarten,no_information,1.0,1060.0,2020,32.0
Prenzlauer,mint_condition,3.0,3103.0,1918,141.75
Tiergarten,no_information,2.0,1619.0,2020,60.0
Mitte,mint_condition,1.0,715.0,2014,19.0
Köpenick,mint_condition,3.0,1237.83,2015,80.97
Charlottenburg,first_time_use,3.0,2290.0,2019,96.81
Charlottenburg,mint_condition,2.0,1810.0,2016,100.47
Tiergarten,first_time_use,3.0,2320.0,2019,101.38
Charlottenburg,first_time_use,4.0,2230.0,2019,112.26
Tiergarten,fully_renovated,3.0,2155.0,1990,101.15
Mitte,mint_condition,4.0,2660.9,2017,132.81
Mitte,mint_condition,2.0,1427.82,2017,73.97
Wilmersdorf,first_time_use,4.0,3170.0,2019,139.07
Tiergarten,first_time_use,1.0,999.0,2019,28.0
Charlottenburg,well_kept,2.0,849.24,1969,84.0
Wedding,no_information,2.5,658.11,1930,60.0
Charlottenburg,first_time_use,2.0,1340.0,2019,47.4
Tiergarten,fully_renovated,4.0,2433.0,1998,120.64
Tiergarten,fully_renovated,4.0,3275.0,1990,156.68
Tiergarten,no_information,1.0,311.04,1900,32.0
Mitte,no_information,4.0,3677.7,2016,125.54
Mitte,first_time_use,3.0,1740.0,2020,75.7
Neukölln,first_time_use,2.0,1404.66,2019,68.52
Wedding,mint_condition,1.0,772.0,2017,20.5
Neukölln,well_kept,2.0,479.87,1918,47.12
Neukölln,first_time_use,3.0,1853.33,2019,82.37
Wedding,no_information,1.0,511.15,1900,49.0
Wedding,mint_condition,1.0,845.0,2017,27.8
Prenzlauer,first_time_use_after_refurbishment,2.0,2724.17,1918,135.68
Prenzlauer,first_time_use,2.0,2251.0,2019,79.05
Charlottenburg,fully_renovated,5.0,3195.0,1905,170.0
Prenzlauer,first_time_use,3.0,2812.0,2019,100.7
Charlottenburg,first_time_use,1.0,976.0,2019,37.69
Tiergarten,well_kept,3.0,2044.85,2015,114.99
Wedding,first_time_use,1.0,959.0,2017,27.8
Tiergarten,well_kept,2.0,850.0,1902,55.0
Charlottenburg,mint_condition,3.0,2071.9,2016,107.33
Prenzlauer,first_time_use,4.0,4500.0,1918,225.0
Mitte,mint_condition,4.0,5530.0,2016,201.0
Charlottenburg,first_time_use,1.0,1049.0,2019,40.51
Mitte,no_information,3.0,1629.0,2015,106.0
Prenzlauer,mint_condition,2.5,1640.0,2014,80.0
Charlottenburg,first_time_use,2.0,1498.0,2019,47.2
Mitte,first_time_use,1.0,889.0,2018,27.71
Friedrichsfelde,first_time_use,4.0,1598.0,2016,118.0
Tiergarten,mint_condition,5.0,4945.0,2019,215.0
Mitte,no_information,2.0,1500.0,1900,57.0
Wedding,first_time_use_after_refurbishment,4.0,1949.26,1902,104.63
Neukölln,first_time_use,2.0,1265.0,1900,59.0
Tiergarten,mint_condition,2.5,2500.0,1910,125.0
Tiergarten,mint_condition,2.0,1565.0,2017,67.27
Mitte,mint_condition,2.0,1550.0,2017,46.0
Prenzlauer,fully_renovated,3.0,1424.75,1890,88.5
Kreuzberg,first_time_use,5.0,4400.0,1867,236.0
Köpenick,first_time_use,3.0,1690.0,2019,99.4
Kreuzberg,fully_renovated,2.5,3400.0,2015,106.0
Wedding,first_time_use_after_refurbishment,2.5,1189.48,1902,61.44
Tiergarten,no_information,3.0,1570.0,2018,83.0
Köpenick,first_time_use,2.0,1000.0,2019,56.7
Kreuzberg,first_time_use,4.0,2680.0,2019,116.5
Charlottenburg,first_time_use,3.0,2100.0,2020,121.91
Neukölln,well_kept,1.0,450.0,1910,14.0
Charlottenburg,first_time_use,2.0,1520.0,2020,98.72
Wilmersdorf,refurbished,1.0,1025.0,1959,37.0
Mitte,mint_condition,2.0,1790.0,2013,30.0
Mitte,no_information,4.0,1960.0,2011,116.21
Tiergarten,no_information,3.0,1610.0,2018,83.0
Mitte,mint_condition,1.0,1690.0,2013,25.0
Charlottenburg,modernized,2.0,794.0,1889,40.2
Mitte,mint_condition,2.0,1790.0,2013,34.0
Mitte,mint_condition,3.0,3228.25,2015,142.1
Wilmersdorf,first_time_use,3.5,2862.0,2020,106.0
Mitte,mint_condition,4.0,3390.0,2013,55.0
Mitte,mint_condition,1.5,1490.0,2013,21.0
Wedding,no_information,2.0,383.46,1890,48.23
Charlottenburg,fully_renovated,2.0,872.07,1973,61.71
Neukölln,no_information,2.0,900.0,1900,33.75
Prenzlauer,mint_condition,3.0,3732.64,2019,182.0
Wilmersdorf,first_time_use_after_refurbishment,7.0,4288.0,1900,202.0
Prenzlauer,mint_condition,3.0,3251.66,2019,151.0
Tiergarten,mint_condition,3.0,4500.0,1887,230.0
Prenzlauer,mint_condition,2.5,2237.78,2019,109.0
Mitte,no_information,3.0,2000.0,2003,98.0
Prenzlauer,mint_condition,4.0,3362.41,2019,164.0
Prenzlauer,mint_condition,4.0,3664.25,2019,170.0
Neukölln,mint_condition,3.0,2080.0,2019,95.0
Tiergarten,mint_condition,3.0,2227.0,1998,105.97
Neukölln,no_information,2.0,1750.0,2019,80.0
Mitte,mint_condition,3.0,2879.0,1999,167.0
Kreuzberg,mint_condition,3.0,3780.0,1904,207.0
Mitte,no_information,2.0,2320.0,2005,95.0
Köpenick,modernized,3.0,1318.0,1992,105.76
Charlottenburg,well_kept,2.5,1209.0,1905,81.0
Wilmersdorf,first_time_use_after_refurbishment,1.0,990.0,1900,35.0
Mitte,mint_condition,4.0,4475.0,2006,209.0
Mitte,mint_condition,1.0,1850.0,2009,109.0
Prenzlauer,mint_condition,5.0,5930.0,2005,324.0
Tiergarten,first_time_use,3.5,2076.38,2018,90.06
Charlottenburg,first_time_use,4.0,1820.0,1919,91.0
Tiergarten,first_time_use,2.0,1499.0,2018,66.4
Wilmersdorf,no_information,2.0,1609.64,1900,99.63
Wilmersdorf,first_time_use_after_refurbishment,1.0,1550.0,1959,55.0
Tiergarten,no_information,2.0,1215.0,1900,67.0
Neukölln,no_information,2.0,1320.0,1887,55.0
Köpenick,modernized,2.0,836.0,1995,83.05
Wilmersdorf,first_time_use,2.0,1455.0,2018,61.41
Tiergarten,no_information,1.0,1038.0,2020,30.0
Mitte,no_information,2.0,1615.57,1959,50.31
Tiergarten,mint_condition,2.0,1480.0,2013,66.2
Mitte,no_information,3.0,2244.0,2019,76.6
Tiergarten,no_information,4.0,2555.0,1910,140.16
Tiergarten,no_information,1.0,1095.0,1976,48.26
Tiergarten,no_information,2.0,1265.0,1976,56.25
Tiergarten,no_information,2.0,1633.0,2020,60.0
Kreuzberg,mint_condition,4.0,3295.0,2017,168.86
Tiergarten,first_time_use,2.0,1368.17,2019,65.4
Charlottenburg,first_time_use,1.0,1300.0,2019,34.87
Charlottenburg,first_time_use,1.0,1300.0,2019,36.75
Tiergarten,well_kept,2.0,1683.0,2015,81.0
Köpenick,mint_condition,1.0,969.0,2018,36.0
Mitte,first_time_use,2.0,1784.0,2019,80.0
Charlottenburg,first_time_use,1.0,1300.0,2019,39.4
Charlottenburg,first_time_use,1.0,990.0,2019,25.85
Köpenick,first_time_use_after_refurbishment,3.0,1706.81,1870,104.0
Charlottenburg,first_time_use,1.0,1300.0,2019,38.36
Prenzlauer,mint_condition,6.0,3739.46,1910,237.0
Charlottenburg,mint_condition,2.0,1388.0,2020,53.0
Mitte,first_time_use,2.0,1533.0,2019,65.0
Kreuzberg,mint_condition,3.0,1883.27,2019,98.38
Wedding,no_information,1.0,440.94,1983,41.45
Charlottenburg,first_time_use,1.0,990.0,2019,23.62
Mitte,mint_condition,2.0,1490.0,2019,69.78
Tiergarten,well_kept,3.0,3593.17,1995,139.23
Mitte,fully_renovated,2.0,1240.0,2016,45.2
Tiergarten,fully_renovated,2.0,735.0,1900,50.11
Mitte,no_information,4.0,2250.0,2013,127.0
Kreuzberg,mint_condition,3.0,1673.95,2019,85.35
Mitte,first_time_use,3.0,1950.0,2019,86.4
Köpenick,well_kept,3.0,919.0,1997,76.0
Tiergarten,no_information,1.0,421.87,1900,43.0
Wedding,first_time_use,3.0,1386.43,2019,72.97
Köpenick,well_kept,2.0,719.0,1997,60.0
Köpenick,well_kept,2.0,719.0,1997,60.0
Köpenick,well_kept,2.0,719.0,1997,60.0
Tiergarten,first_time_use,1.0,999.0,2019,28.9
Neukölln,first_time_use,4.0,1901.0,2019,133.42
Friedrichsfelde,well_kept,2.0,496.13,1971,55.0
Köpenick,well_kept,2.0,649.0,1997,56.0
Köpenick,well_kept,3.0,895.0,1997,74.0
Köpenick,well_kept,2.0,719.0,1997,60.0
Mitte,first_time_use_after_refurbishment,3.0,2199.0,1864,106.98
Wedding,well_kept,2.0,583.03,1908,58.0
Tiergarten,first_time_use,2.0,1397.0,2019,70.22
Wilmersdorf,first_time_use_after_refurbishment,4.0,2999.0,1890,160.94
Tiergarten,well_kept,1.0,271.25,1900,24.0
Wedding,need_of_renovation,1.0,458.91,1900,39.0
Tiergarten,need_of_renovation,1.5,433.71,1900,36.0
Mitte,no_information,2.0,1563.75,2018,75.91
Tiergarten,no_information,4.0,2550.0,2017,121.0
Wedding,need_of_renovation,3.0,670.86,1970,76.0
Mitte,mint_condition,2.0,1405.0,2016,65.5
Tiergarten,modernized,2.0,1266.3,1964,64.9
Tiergarten,no_information,3.0,1665.0,1900,85.64
Kreuzberg,mint_condition,3.0,3000.0,1980,99.0
Mitte,mint_condition,1.5,1116.0,1890,52.0
Wilmersdorf,first_time_use,3.0,1703.0,2020,88.58
Wilmersdorf,first_time_use,3.0,2180.0,2020,103.27
Tiergarten,no_information,1.0,960.0,1976,43.1
Mitte,mint_condition,2.0,2370.71,2015,101.74
Tiergarten,first_time_use,2.0,1645.0,2018,47.0
Tiergarten,first_time_use,2.0,773.6,2019,27.0
Mitte,no_information,2.0,1478.0,2020,70.0
Prenzlauer,modernized,2.0,914.0,1910,73.67
Mitte,no_information,4.0,3060.0,1986,127.66
Prenzlauer,no_information,2.0,1159.0,1930,57.0
Mitte,no_information,2.0,1180.0,2017,56.0
Tiergarten,mint_condition,2.0,1872.0,2018,77.0
Tiergarten,mint_condition,2.0,1707.0,2018,85.0
Köpenick,first_time_use_after_refurbishment,3.0,1454.18,1870,97.0
Kreuzberg,well_kept,2.0,737.49,1966,65.0
Kreuzberg,mint_condition,3.0,1528.25,2015,84.75
Neukölln,no_information,2.5,705.06,1972,73.0
Neukölln,no_information,2.0,605.8,1973,51.0
Neukölln,well_kept,1.0,407.42,1900,42.75
Wilmersdorf,well_kept,1.5,1399.92,1956,39.5
Wilmersdorf,well_kept,2.0,1399.92,1956,53.5
Köpenick,first_time_use_after_refurbishment,2.0,1590.39,1870,99.0
Mitte,first_time_use,3.0,1800.0,2019,80.9
Tiergarten,well_kept,2.0,408.78,1900,44.0
Mitte,no_information,3.0,1465.62,1996,75.16
Friedrichsfelde,mint_condition,3.0,1691.0,2014,115.0
Wilmersdorf,no_information,3.0,1625.0,1995,83.0
Charlottenburg,refurbished,4.0,2124.29,1906,136.61
Charlottenburg,first_time_use,2.0,1510.0,1919,77.0
Mitte,mint_condition,2.0,1600.0,2014,56.0
Charlottenburg,first_time_use,2.0,1410.0,1919,80.0
Mitte,no_information,3.0,1897.2,1996,102.0
Mitte,mint_condition,4.0,4192.63,2015,191.13
Charlottenburg,first_time_use,2.0,1570.0,1919,85.0
Charlottenburg,first_time_use,3.0,1470.0,1919,76.0
Charlottenburg,first_time_use_after_refurbishment,4.0,2528.86,2019,150.99
Tiergarten,mint_condition,2.0,1800.0,2015,51.59
Tiergarten,first_time_use,2.0,1359.33,2019,63.52
Wilmersdorf,fully_renovated,2.0,1480.0,2014,73.72
Charlottenburg,no_information,4.0,2670.0,2018,147.0
Wedding,no_information,3.0,691.29,1929,71.0
Charlottenburg,well_kept,3.0,1935.17,1997,119.0
Wedding,well_kept,4.0,1093.16,1970,123.0
Tiergarten,well_kept,3.0,2260.0,1896,161.24
Prenzlauer,no_information,3.0,900.23,1910,90.0
Neukölln,well_kept,2.5,887.53,1973,76.0
Wedding,well_kept,2.0,621.38,1908,63.0
Tiergarten,first_time_use,3.0,2580.0,2018,105.0
Charlottenburg,refurbished,4.0,2124.29,1906,136.61
Neukölln,first_time_use,3.0,1783.89,2019,90.66
Tiergarten,well_kept,2.0,674.8,1917,71.0
Kreuzberg,well_kept,1.0,435.74,1966,38.0
Charlottenburg,no_information,2.0,2990.0,2015,118.0
Tiergarten,well_kept,1.0,378.14,1900,36.61
Mitte,refurbished,2.0,1563.75,2017,75.91
Mitte,first_time_use_after_refurbishment,2.0,1876.78,1914,91.55
Tiergarten,refurbished,3.0,4500.0,1887,230.0
Charlottenburg,no_information,5.0,9774.0,1900,274.0
Charlottenburg,first_time_use,2.0,1397.0,2019,53.0
Mitte,first_time_use_after_refurbishment,3.0,1897.5,1914,115.1
Köpenick,well_kept,2.5,1189.27,1930,79.71
Mitte,no_information,3.0,1987.04,1996,106.83
Charlottenburg,no_information,3.0,2434.0,2015,112.0
Mitte,first_time_use_after_refurbishment,3.0,2410.8,1914,117.6
Mitte,first_time_use_after_refurbishment,3.0,2346.0,1914,117.3
Köpenick,first_time_use,2.0,1069.26,2019,60.45
Kreuzberg,first_time_use,1.0,699.0,2018,20.0
Wilmersdorf,first_time_use,2.0,1258.0,2020,65.01
Tiergarten,first_time_use,3.0,1942.72,2019,90.15
Wilmersdorf,first_time_use,4.0,2250.0,2020,118.37
Friedrichsfelde,well_kept,1.5,668.4,1995,49.99
Charlottenburg,first_time_use,2.0,1777.0,2017,84.0
Friedrichsfelde,no_information,2.0,1265.0,2019,63.0
Tiergarten,first_time_use,3.0,2096.0,2019,98.0
Charlottenburg,first_time_use,2.0,1350.0,2019,50.3
Tiergarten,well_kept,2.0,1500.0,1999,61.0
Neukölln,need_of_renovation,3.0,885.68,1973,76.0
Neukölln,well_kept,3.0,656.1,1971,69.0
Charlottenburg,mint_condition,1.0,1007.0,1906,46.0
Neukölln,well_kept,1.5,489.07,1972,48.0
Mitte,mint_condition,4.0,4600.0,2013,160.0
Mitte,mint_condition,3.0,2450.0,2017,94.0
Köpenick,well_kept,2.0,649.0,1997,56.0
Charlottenburg,mint_condition,4.0,2148.0,2016,118.68
Mitte,well_kept,3.0,1639.0,2014,96.0
Köpenick,well_kept,3.0,909.0,1997,76.0
Neukölln,well_kept,3.0,565.63,1900,64.0
Köpenick,well_kept,3.0,889.0,1997,74.0
Wilmersdorf,first_time_use,2.0,1800.0,2019,68.0
Mitte,mint_condition,2.0,1615.0,2013,70.0
Wedding,no_information,1.0,352.95,1910,32.0
Mitte,first_time_use_after_refurbishment,2.0,2997.0,2017,133.19
Wilmersdorf,well_kept,1.0,404.39,1958,34.0
Mitte,first_time_use,5.0,6855.48,2005,286.84
Friedrichsfelde,well_kept,1.0,280.74,1964,26.0
Köpenick,first_time_use_after_refurbishment,2.0,720.0,1892,49.36
Wilmersdorf,refurbished,2.0,2180.0,1959,77.54
Mitte,first_time_use,5.0,4325.69,2015,198.75
Mitte,no_information,4.0,2492.05,1996,126.5
Mitte,no_information,5.0,2322.02,1996,124.84
Mitte,mint_condition,3.0,1650.0,2016,69.0
Tiergarten,no_information,4.0,2567.0,1982,131.19
Mitte,first_time_use,2.0,2277.91,2005,95.31
Wedding,first_time_use,1.0,845.0,2017,27.7
Wedding,mint_condition,1.0,771.0,2017,20.5
Tiergarten,no_information,4.0,1571.44,1900,104.39
Wedding,first_time_use,1.0,680.0,2017,20.5
Wedding,mint_condition,1.0,803.0,2017,24.1
Wedding,mint_condition,1.0,793.0,2017,20.5
Wilmersdorf,no_information,3.0,1557.28,1912,80.84
Charlottenburg,first_time_use_after_refurbishment,4.0,2320.0,1900,160.0
Wilmersdorf,no_information,3.0,1301.13,1900,71.97
Wedding,mint_condition,1.0,730.0,2017,20.5
Neukölln,no_information,2.0,1010.31,1910,73.21
Wilmersdorf,well_kept,3.0,1930.38,1991,117.04
Charlottenburg,well_kept,2.0,705.92,1965,45.21
Kreuzberg,mint_condition,2.0,1181.3,2019,60.55
Mitte,no_information,3.0,2043.49,1879,83.78
Mitte,mint_condition,3.0,3568.5,2014,170.45
Prenzlauer,no_information,2.0,2115.0,1906,79.56
Tiergarten,no_information,2.0,1530.0,2018,64.0
Prenzlauer,no_information,4.0,2734.0,1906,99.39
Tiergarten,mint_condition,2.0,1500.0,2018,43.5
Charlottenburg,mint_condition,2.0,1490.0,1917,49.0
Kreuzberg,mint_condition,2.0,1040.51,2019,53.03
Tiergarten,no_information,2.0,547.9,1900,63.0
Prenzlauer,mint_condition,4.0,3360.0,2019,164.0
Kreuzberg,mint_condition,2.0,1181.3,2019,60.55
Wedding,mint_condition,3.0,1500.0,2020,78.0
Wilmersdorf,first_time_use,4.0,2752.0,1900,129.53
Neukölln,well_kept,2.0,599.74,1973,51.0
Köpenick,first_time_use_after_refurbishment,3.0,1558.8,1870,94.0
Köpenick,first_time_use_after_refurbishment,2.0,1590.35,1870,99.0
Köpenick,first_time_use_after_refurbishment,4.0,2159.2,1870,128.0
Wilmersdorf,well_kept,2.0,580.16,1900,51.0
Kreuzberg,mint_condition,2.5,2950.0,1920,161.0
Wedding,well_kept,3.5,960.38,1918,102.0
Köpenick,first_time_use_after_refurbishment,2.0,1494.64,1870,90.0
Kreuzberg,mint_condition,3.0,1817.0,2019,97.62
Charlottenburg,fully_renovated,4.0,2105.0,1905,119.0
Mitte,first_time_use,4.0,5774.83,2015,242.64
Charlottenburg,no_information,2.0,755.3,1959,61.95
Charlottenburg,mint_condition,3.0,1650.0,1920,77.0
Tiergarten,first_time_use,3.0,1570.0,1919,95.5
Mitte,mint_condition,4.0,2405.0,2015,106.0
Mitte,first_time_use,2.0,1493.0,2020,66.0
Mitte,refurbished,2.0,1685.0,1995,73.78
Neukölln,first_time_use,1.0,759.0,2019,22.0
Prenzlauer,mint_condition,2.0,1300.0,2018,60.0
Neukölln,fully_renovated,1.0,877.71,1900,37.0
Mitte,mint_condition,3.0,1845.0,2020,85.48
Mitte,first_time_use,3.0,2060.0,2019,85.5
Köpenick,modernized,3.0,1440.0,1900,95.0
Kreuzberg,first_time_use,3.0,2485.0,2019,97.3
Mitte,modernized,2.0,1200.0,1993,54.0
Neukölln,fully_renovated,2.0,780.0,1962,61.5
Tiergarten,first_time_use,3.0,3380.0,2018,120.0
Charlottenburg,first_time_use_after_refurbishment,3.0,2498.0,1913,124.0
Wilmersdorf,first_time_use,1.0,1040.0,2019,26.9
Neukölln,mint_condition,2.0,1055.43,2017,61.0
Kreuzberg,mint_condition,3.0,1720.0,2017,74.37
Wilmersdorf,mint_condition,2.0,1980.0,2015,84.0
Tiergarten,first_time_use,3.0,2375.0,2019,100.0
Tiergarten,mint_condition,1.0,967.4,2019,48.8
Mitte,first_time_use,3.0,1785.0,2019,66.55
Prenzlauer,mint_condition,3.0,2435.0,2015,122.98
Charlottenburg,first_time_use,2.0,1350.0,2020,52.97
Mitte,mint_condition,5.0,2310.0,2014,142.0
Tiergarten,first_time_use,2.0,1290.0,2019,44.0
Wilmersdorf,fully_renovated,2.0,1359.0,1903,77.0
Wilmersdorf,first_time_use,3.0,1700.0,2017,82.07
Tiergarten,fully_renovated,2.0,1136.72,2012,83.03
Tiergarten,well_kept,2.0,1500.0,2018,57.7
Köpenick,fully_renovated,2.0,1250.0,1998,61.0
Mitte,first_time_use,4.0,2380.0,2020,108.5
Tiergarten,first_time_use,3.0,2170.0,2019,105.0
Charlottenburg,well_kept,2.0,1040.0,1956,57.0
Prenzlauer,refurbished,2.0,975.0,1908,56.0
Tiergarten,first_time_use,3.5,1999.47,2019,103.0
Tiergarten,first_time_use,2.0,1490.0,2019,64.14
Charlottenburg,well_kept,2.0,1200.0,1918,72.0
Tiergarten,well_kept,5.0,2040.0,1908,136.0
Wilmersdorf,first_time_use_after_refurbishment,2.0,512.93,1986,41.03
Wilmersdorf,first_time_use_after_refurbishment,2.0,1250.0,1953,62.5
Charlottenburg,no_information,3.0,1600.0,1910,90.0
Prenzlauer,mint_condition,3.5,2799.0,2014,105.0
Köpenick,mint_condition,3.0,1160.0,2019,65.0
Köpenick,mint_condition,2.0,950.0,2017,60.72
Friedrichsfelde,first_time_use,4.0,1654.39,2020,85.32
Wilmersdorf,first_time_use,1.0,920.0,1958,42.0
Friedrichsfelde,first_time_use,1.0,993.96,2020,50.33
Kreuzberg,fully_renovated,3.0,4875.0,2010,195.0
Friedrichsfelde,first_time_use,3.0,1428.64,2020,73.72
Friedrichsfelde,first_time_use,2.0,984.4,2020,51.88
Friedrichsfelde,first_time_use,2.0,914.87,2020,48.56
Friedrichsfelde,first_time_use,2.0,776.47,2020,41.0
Friedrichsfelde,first_time_use,2.0,886.05,2020,47.04
Prenzlauer,modernized,1.0,950.0,1903,40.0
Mitte,first_time_use_after_refurbishment,4.0,2400.0,2020,108.0
Neukölln,no_information,1.0,379.95,1977,32.99
Wilmersdorf,refurbished,1.0,669.0,1963,35.0
Wilmersdorf,well_kept,3.0,1400.0,1963,72.0
Köpenick,first_time_use,1.0,558.06,2019,40.38
Wedding,fully_renovated,2.0,964.0,1961,51.41
Mitte,well_kept,1.0,924.44,2000,61.14
Mitte,mint_condition,2.0,1394.0,2016,52.0
Mitte,first_time_use,2.5,1632.54,2013,101.61
Neukölln,first_time_use,3.0,2202.0,2019,120.41
Wilmersdorf,well_kept,2.0,727.0,1991,59.2
Wedding,well_kept,1.0,427.0,1956,37.16
Charlottenburg,first_time_use,2.0,1266.28,2020,56.24
Prenzlauer,refurbished,1.0,475.0,1895,18.0
Charlottenburg,modernized,2.0,1700.0,1991,80.77
Kreuzberg,refurbished,4.0,2850.0,1895,127.0
Wedding,first_time_use,3.0,1452.8,2020,78.3
Mitte,mint_condition,2.0,1480.0,2017,48.0
Prenzlauer,well_kept,4.0,1395.0,1999,86.26
Mitte,mint_condition,2.0,1959.0,2017,85.0
Kreuzberg,modernized,4.0,2255.84,1988,136.53
Köpenick,refurbished,2.0,938.0,2013,61.46
Neukölln,refurbished,3.0,1650.0,1900,75.0
Neukölln,refurbished,2.0,1650.0,1900,77.0
Charlottenburg,modernized,5.0,2815.0,1890,175.0
Neukölln,refurbished,3.0,1650.0,1900,75.0
Friedrichsfelde,modernized,4.0,1161.0,1979,91.11
Charlottenburg,refurbished,3.0,2028.2,2016,115.48
Friedrichsfelde,no_information,2.0,563.91,1979,49.4
Friedrichsfelde,fully_renovated,2.0,642.77,1979,55.13
Neukölln,refurbished,2.0,1650.0,1900,77.0
Friedrichsfelde,fully_renovated,1.0,420.09,1979,29.48
Friedrichsfelde,fully_renovated,3.0,808.46,1979,74.9
Charlottenburg,modernized,1.0,620.0,1905,28.0
Tiergarten,modernized,4.0,2193.0,1984,115.48
Wilmersdorf,modernized,1.0,900.0,2015,42.3
Tiergarten,first_time_use,2.0,1231.23,2019,57.94
Kreuzberg,no_information,2.0,971.15,1987,64.63
Friedrichsfelde,mint_condition,2.0,991.19,2019,43.1
Friedrichsfelde,modernized,2.0,887.0,1979,67.88
Friedrichsfelde,modernized,4.5,1370.0,1979,106.1
Friedrichsfelde,first_time_use,1.0,690.0,2019,25.68
Neukölln,fully_renovated,2.0,712.0,1910,60.0
Friedrichsfelde,modernized,3.0,982.0,1979,71.41
Neukölln,modernized,3.0,1246.0,1994,80.79
Neukölln,first_time_use,3.0,1755.0,2018,92.0
Neukölln,first_time_use,2.0,1228.75,2018,65.0
Neukölln,first_time_use,3.0,1753.0,2018,92.0
Neukölln,first_time_use,2.0,1223.98,2018,66.0
Tiergarten,no_information,2.0,685.0,1903,57.08
Tiergarten,first_time_use,2.0,1432.6,2018,66.4
Prenzlauer,mint_condition,2.0,1530.0,2019,68.0
Mitte,first_time_use,2.0,2620.0,2018,75.95
Tiergarten,first_time_use,3.0,2484.62,2018,112.71
Tiergarten,first_time_use,2.0,1565.4,2018,66.4
Tiergarten,first_time_use,2.0,1780.9,2018,82.6
Tiergarten,first_time_use,3.0,2079.02,2018,106.36
Kreuzberg,first_time_use,2.0,1800.0,2020,70.49
Mitte,first_time_use,2.0,1635.0,2019,58.0
Wedding,no_information,1.0,768.0,2016,32.0
Mitte,fully_renovated,4.0,4800.0,1894,143.22
Friedrichsfelde,modernized,1.0,585.0,1984,36.94
Tiergarten,first_time_use,2.0,1413.03,2019,66.81
Charlottenburg,mint_condition,3.0,2300.0,2017,97.0
Köpenick,first_time_use,3.0,1380.05,2019,82.16
Wilmersdorf,first_time_use,1.0,1200.0,2020,31.0
Köpenick,first_time_use,1.0,811.1,2019,46.82
Kreuzberg,no_information,2.0,1609.1,2017,58.64
Charlottenburg,first_time_use_after_refurbishment,4.0,2320.0,1900,160.0
Köpenick,first_time_use,2.0,1030.0,2016,63.0
Neukölln,no_information,2.0,647.05,1982,59.02
Mitte,refurbished,3.0,3090.4,1892,154.52
Köpenick,first_time_use,2.0,816.49,2019,43.39
Prenzlauer,fully_renovated,1.0,699.3,1905,42.0
Köpenick,first_time_use,2.0,846.0,1886,62.59
Wilmersdorf,fully_renovated,2.5,1124.93,1906,82.25
Tiergarten,first_time_use,3.0,2807.0,2019,112.27
Mitte,refurbished,3.0,2892.25,1892,144.61
Mitte,mint_condition,2.5,2488.0,2014,90.0
Neukölln,well_kept,4.0,1749.32,1980,101.89
Tiergarten,first_time_use,4.0,3994.0,2019,160.0
Prenzlauer,well_kept,3.0,2708.0,1873,140.13
Friedrichsfelde,well_kept,4.0,1336.41,2019,102.88
Tiergarten,first_time_use,4.0,4184.0,2019,167.36
Mitte,mint_condition,3.0,1854.98,2017,90.92
Friedrichsfelde,well_kept,2.0,570.0,1998,54.02
Tiergarten,first_time_use,3.0,2293.31,2019,102.38
Charlottenburg,refurbished,1.0,1200.0,1975,30.0
Tiergarten,no_information,3.0,1502.0,1892,101.81
Tiergarten,no_information,2.0,1015.0,1892,70.88
Charlottenburg,refurbished,2.0,1400.0,1974,60.0
Tiergarten,no_information,2.0,825.0,1892,57.75
Mitte,first_time_use,2.0,1499.0,2020,61.26
Neukölln,first_time_use,3.0,2070.0,2019,105.35
Friedrichsfelde,modernized,2.0,876.0,1966,61.53
Charlottenburg,first_time_use_after_refurbishment,4.0,2320.0,1900,160.0
Wilmersdorf,well_kept,3.0,1700.0,1904,100.0
Friedrichsfelde,no_information,3.0,656.5,1930,61.83
Köpenick,first_time_use,1.0,886.05,2019,48.59
Köpenick,first_time_use,1.0,703.86,2019,42.45
Köpenick,first_time_use,3.0,1886.81,2019,120.29
Mitte,mint_condition,2.0,1500.0,2016,75.12
Prenzlauer,first_time_use_after_refurbishment,3.5,1660.0,1912,114.14
Köpenick,first_time_use,3.0,1690.0,2019,99.4
Charlottenburg,no_information,1.5,478.52,1965,47.76
Köpenick,well_kept,4.0,1600.0,2016,111.0
Mitte,mint_condition,4.0,2999.0,1900,145.0
Neukölln,well_kept,1.0,670.03,2000,49.67
Friedrichsfelde,modernized,2.0,860.0,1966,60.5
Kreuzberg,first_time_use,3.0,2269.0,2020,92.0
Köpenick,well_kept,2.0,948.1,1996,75.31
Köpenick,well_kept,2.0,873.0,1996,54.78
Tiergarten,first_time_use,3.0,2130.31,2019,95.96
Charlottenburg,first_time_use,2.0,969.0,2020,40.0
Kreuzberg,refurbished,1.0,1175.72,1910,33.95
Prenzlauer,no_information,2.0,1200.0,2010,67.0
Tiergarten,first_time_use,2.0,1834.0,1900,96.44
Kreuzberg,modernized,2.0,1349.58,2015,60.4
Tiergarten,first_time_use,2.0,1320.49,2019,64.73
Tiergarten,first_time_use,3.0,1886.3,2019,90.47
Neukölln,mint_condition,5.0,2295.0,2017,137.31
Mitte,first_time_use,3.0,1980.0,2019,83.73
Tiergarten,first_time_use,3.0,1846.23,2019,89.19
Mitte,first_time_use,2.0,1447.0,2020,64.0
Mitte,first_time_use,3.0,1770.0,2020,83.0
Charlottenburg,well_kept,3.0,1343.0,1965,84.48
Köpenick,modernized,2.0,750.0,1997,62.0
Köpenick,well_kept,1.0,730.36,2016,32.61
Neukölln,modernized,3.0,1281.5,1994,76.15
Neukölln,well_kept,2.0,976.5,1994,58.2
Neukölln,refurbished,2.0,984.5,1994,56.68
Köpenick,well_kept,1.0,719.56,2016,28.4
Mitte,no_information,2.0,2170.0,2006,83.65
Charlottenburg,fully_renovated,4.0,2170.0,1922,146.0
Kreuzberg,well_kept,1.0,995.0,2016,36.0
Wilmersdorf,mint_condition,2.0,1250.0,1905,67.0
Kreuzberg,well_kept,1.0,995.0,2016,36.0
Charlottenburg,well_kept,2.0,921.59,1969,67.24
Friedrichsfelde,first_time_use,3.0,1236.72,2020,72.18
Mitte,mint_condition,2.0,1090.0,2017,54.7
Prenzlauer,refurbished,3.0,2105.4,2019,87.4
Tiergarten,first_time_use,2.0,1497.45,2019,71.82
Neukölln,well_kept,1.0,829.0,1910,36.0
Friedrichsfelde,mint_condition,2.0,948.09,2019,43.1
Tiergarten,fully_renovated,2.0,1494.0,1998,66.77
Neukölln,well_kept,1.0,829.0,1910,36.0
Tiergarten,first_time_use,4.0,2475.98,2019,115.7
Tiergarten,first_time_use,3.0,2549.0,1900,143.13
Friedrichsfelde,modernized,4.0,1182.0,1979,91.11
Prenzlauer,mint_condition,2.0,1350.0,1900,35.0
Wilmersdorf,well_kept,5.0,3104.0,1900,174.63
Friedrichsfelde,first_time_use,2.0,1160.55,2020,61.31
Charlottenburg,fully_renovated,3.0,1285.0,1969,64.0
Tiergarten,first_time_use,3.0,1725.15,2019,82.15
Friedrichsfelde,no_information,3.0,575.45,1970,73.5
Friedrichsfelde,first_time_use,3.0,1709.33,2020,90.21
Friedrichsfelde,first_time_use,4.0,1535.3,2020,88.29
Mitte,no_information,3.0,1356.44,2016,75.5
Neukölln,no_information,1.0,521.09,1977,48.72
Mitte,first_time_use,3.0,1890.0,2019,75.65
Friedrichsfelde,first_time_use,2.0,1277.21,2020,65.96
Tiergarten,first_time_use,3.0,1939.2,2019,87.43
Kreuzberg,first_time_use,4.0,2645.9,2019,131.05
Kreuzberg,first_time_use,4.0,2630.39,2019,126.4
Friedrichsfelde,first_time_use,2.0,813.4,2020,48.99
Neukölln,first_time_use,3.0,1906.14,1917,112.99
Friedrichsfelde,well_kept,3.0,960.0,1985,77.96
Kreuzberg,mint_condition,3.0,2039.0,1900,110.0
Neukölln,first_time_use,3.0,2265.47,1917,133.42
Prenzlauer,well_kept,3.0,1184.0,1999,74.31
Tiergarten,mint_condition,4.0,2700.0,2019,119.0
Prenzlauer,first_time_use_after_refurbishment,2.0,1639.52,1900,79.0
Neukölln,first_time_use,1.0,891.65,1917,51.72
Prenzlauer,well_kept,2.0,1489.0,1901,73.41
Tiergarten,fully_renovated,4.0,4800.0,1885,240.0
Mitte,no_information,3.0,1455.61,2016,79.44
Mitte,first_time_use,3.0,2550.0,2020,116.0
Neukölln,first_time_use,3.0,1565.56,1917,88.3
Mitte,mint_condition,5.0,2865.49,2017,123.08
Mitte,first_time_use,3.0,2014.21,2018,76.22
Neukölln,first_time_use,3.0,1760.37,1917,100.65
Mitte,first_time_use,2.0,1191.35,2017,52.48
Tiergarten,first_time_use,3.0,2280.0,2018,73.0
Mitte,first_time_use,4.0,4450.0,2013,152.7
Wilmersdorf,first_time_use,3.0,1558.0,2014,76.0
Friedrichsfelde,mint_condition,2.0,1174.25,2019,46.97
Mitte,no_information,3.0,1519.0,1900,95.9
Mitte,mint_condition,2.0,1650.0,1998,67.55
Tiergarten,first_time_use,4.0,2499.59,2019,122.83
Tiergarten,first_time_use,3.0,1997.37,2019,95.34
Neukölln,first_time_use,2.0,1095.0,2020,66.0
Tiergarten,first_time_use,3.0,2073.32,2019,99.44
Mitte,refurbished,3.0,1783.08,1915,68.58
Tiergarten,first_time_use,2.0,1358.64,2019,66.6
Tiergarten,first_time_use,2.0,1834.0,1900,100.93
Tiergarten,first_time_use,2.0,1327.99,2019,64.78
Tiergarten,fully_renovated,1.0,1163.0,1990,52.85
Prenzlauer,mint_condition,5.0,2575.0,2019,150.0
Tiergarten,first_time_use,2.0,1356.04,2019,66.31
Tiergarten,no_information,3.0,2427.0,1990,108.13
Wedding,no_information,2.0,1202.0,1969,57.4
Tiergarten,fully_renovated,3.0,2555.0,1998,125.49
Mitte,mint_condition,1.0,1250.06,2015,52.24
Wilmersdorf,first_time_use,2.5,1529.0,2018,71.0
Mitte,refurbished,3.0,5936.4,2018,131.92
Mitte,refurbished,3.0,5936.4,2018,131.92
Mitte,refurbished,3.0,4747.6,2018,110.41
Charlottenburg,first_time_use,2.0,1800.0,2019,85.0
Mitte,refurbished,3.0,4747.6,2018,110.41
Charlottenburg,mint_condition,3.0,2650.0,2010,123.0
Mitte,refurbished,3.0,4747.6,2018,110.41
Friedrichsfelde,first_time_use,4.0,2138.68,2020,118.44
Friedrichsfelde,first_time_use,2.0,1189.09,2020,57.96
Friedrichsfelde,first_time_use,2.0,929.34,2020,50.65
Tiergarten,first_time_use,3.0,1960.8,2019,98.04
Kreuzberg,mint_condition,3.0,2150.0,2010,95.8
Neukölln,no_information,3.0,1124.0,2019,65.79
Friedrichsfelde,first_time_use,2.0,896.46,2020,50.2
Friedrichsfelde,first_time_use,4.0,2033.1,2020,113.06
Wedding,no_information,2.0,1031.0,1969,48.99
Tiergarten,first_time_use,3.0,2039.3,2019,91.04
Mitte,mint_condition,1.0,398.0,2017,18.0
Mitte,well_kept,3.0,1800.0,2013,80.95
Tiergarten,first_time_use,3.0,2075.12,2019,100.49
Tiergarten,first_time_use,3.0,2067.77,2019,98.7
Tiergarten,first_time_use,2.0,1347.51,2019,66.38
Charlottenburg,well_kept,3.0,2162.0,1984,107.0
Tiergarten,first_time_use,3.0,2041.0,2019,96.73
Friedrichsfelde,first_time_use,2.0,1320.73,2020,68.17
Wilmersdorf,mint_condition,3.0,1700.0,2016,84.0
Friedrichsfelde,first_time_use,3.5,1429.1,2020,82.05
Tiergarten,first_time_use,3.0,2007.02,2019,96.26
Friedrichsfelde,first_time_use,2.0,868.06,2020,49.19
Tiergarten,first_time_use,2.0,1326.61,2019,65.35
Tiergarten,first_time_use,3.0,2020.99,2019,96.93
Tiergarten,first_time_use,3.0,2031.52,2019,96.97
Tiergarten,first_time_use,3.0,2508.24,2019,119.44
Kreuzberg,first_time_use_after_refurbishment,4.0,2125.0,1902,130.0
Wilmersdorf,first_time_use,2.0,1410.0,1966,47.0
Tiergarten,first_time_use,3.0,1841.68,2019,86.06
Tiergarten,first_time_use,4.0,2130.96,2019,92.05
Tiergarten,first_time_use,4.0,2525.97,2019,107.26
Tiergarten,first_time_use,2.0,1627.11,2019,76.57
Wilmersdorf,first_time_use,2.0,1410.0,1966,47.0
Tiergarten,first_time_use,3.0,1774.43,2019,81.96
Tiergarten,first_time_use,3.0,1768.29,2019,84.81
Tiergarten,first_time_use,3.0,2280.0,2018,73.0
Mitte,mint_condition,4.0,4678.3,2015,212.3
Tiergarten,first_time_use,3.0,1788.57,2019,81.67
Tiergarten,first_time_use,5.0,2851.96,2019,121.36
Charlottenburg,well_kept,5.0,3160.0,1988,169.53
Mitte,refurbished,2.0,1488.25,1915,59.53
Tiergarten,first_time_use,3.0,1869.56,2019,84.98
Tiergarten,first_time_use_after_refurbishment,3.0,2200.0,1885,84.0
Mitte,no_information,3.0,1814.85,2016,98.7
Charlottenburg,well_kept,2.0,3250.0,1911,173.79
Köpenick,first_time_use,3.0,1720.0,2018,116.35
Tiergarten,no_information,3.0,2175.0,1990,101.02
Mitte,first_time_use,2.0,1449.24,2019,54.05
Mitte,refurbished,2.0,1756.36,2018,50.18
Mitte,first_time_use,3.0,5322.5,2019,123.0
Neukölln,first_time_use,3.0,1958.69,1917,112.31
Mitte,refurbished,2.0,2288.06,2018,65.37
Tiergarten,first_time_use,3.0,2436.48,2019,101.52
Mitte,refurbished,2.0,2356.2,2018,67.32
Kreuzberg,mint_condition,3.0,2525.0,1910,170.0
Tiergarten,first_time_use,3.0,2283.98,2019,101.51
Mitte,first_time_use,2.0,6022.5,2019,123.0
Tiergarten,first_time_use,3.0,1788.14,2019,81.65
Mitte,refurbished,2.0,2488.26,2018,71.09
Charlottenburg,first_time_use,1.0,929.0,2019,28.45
Mitte,no_information,2.0,1897.95,1997,111.34
Tiergarten,first_time_use,3.0,2107.43,2019,98.02
Mitte,first_time_use,4.0,2982.41,1900,129.67
Tiergarten,first_time_use,4.0,2130.96,2019,92.05
Prenzlauer,mint_condition,3.0,1755.0,2008,101.46
Tiergarten,first_time_use,3.0,1839.78,2019,81.95
Mitte,first_time_use,2.0,3230.0,2019,68.0
Tiergarten,first_time_use,3.0,1846.87,2019,81.72
Neukölln,first_time_use,1.0,525.0,2019,22.0
Tiergarten,first_time_use,4.0,2158.01,2019,92.42
Tiergarten,first_time_use,3.0,1774.43,2019,81.96
Tiergarten,first_time_use,4.0,2119.62,2019,92.56
Tiergarten,first_time_use,4.0,2525.97,2019,107.26
Tiergarten,first_time_use,3.0,1959.27,2019,93.97
Tiergarten,first_time_use,4.0,2642.69,2019,122.29
Tiergarten,first_time_use,3.0,2622.9,2019,121.15
Wedding,modernized,3.0,1383.23,1918,128.81
Prenzlauer,refurbished,4.0,2069.26,1914,82.77
Wilmersdorf,well_kept,7.0,5876.35,1912,300.0
Tiergarten,first_time_use,3.0,1833.98,2019,85.7
Tiergarten,first_time_use,3.0,2440.56,2019,101.69
Tiergarten,no_information,3.0,2286.0,1990,110.75
Tiergarten,first_time_use,5.0,2851.96,2019,121.36
Mitte,fully_renovated,1.0,1200.0,2014,55.0
Mitte,first_time_use,3.0,2105.0,2018,90.02
Mitte,first_time_use,3.0,1931.26,2018,80.78
Wilmersdorf,first_time_use,2.5,1716.0,1936,90.4
Tiergarten,first_time_use,3.0,1774.15,2019,81.57
Tiergarten,no_information,3.0,2630.0,1998,142.35
Charlottenburg,first_time_use_after_refurbishment,2.0,1349.0,1970,51.0
Charlottenburg,no_information,4.0,2500.0,1896,173.14
Tiergarten,first_time_use,3.0,2508.24,2019,119.44
Tiergarten,first_time_use,4.0,2065.06,2019,97.87
Charlottenburg,refurbished,3.0,1567.39,1994,88.19
Prenzlauer,no_information,2.0,1367.0,1911,66.33
Charlottenburg,first_time_use_after_refurbishment,1.5,1099.0,1970,43.0
Mitte,no_information,3.0,1561.65,2016,86.91
Mitte,mint_condition,5.0,14207.0,2015,413.91
Tiergarten,first_time_use,3.0,1757.11,2019,84.68
Charlottenburg,refurbished,2.0,1063.0,1978,69.5
Kreuzberg,first_time_use_after_refurbishment,2.0,1399.0,1874,50.0
Tiergarten,first_time_use,3.0,2497.38,2019,111.49
Köpenick,first_time_use,3.0,1697.0,2018,115.35
Mitte,first_time_use,3.0,2260.46,2019,101.43
Tiergarten,first_time_use,4.0,2264.83,2019,104.13
Tiergarten,first_time_use,4.0,2747.36,2019,122.65
Mitte,mint_condition,3.0,1990.0,2014,80.0
Prenzlauer,no_information,1.0,1395.0,1906,52.0
Tiergarten,first_time_use,3.0,2198.75,2019,108.58
Tiergarten,fully_renovated,3.0,2555.0,1998,125.46
Tiergarten,first_time_use,3.0,2198.97,2019,108.86
Tiergarten,first_time_use,3.0,1768.29,2019,84.81
Prenzlauer,refurbished,1.0,869.0,1903,30.0
Prenzlauer,no_information,2.0,1294.0,1906,42.52
Prenzlauer,first_time_use,2.0,1100.0,2017,30.0
Prenzlauer,no_information,2.0,1321.0,1906,49.9
Mitte,first_time_use,2.0,1314.15,2018,40.32
Wilmersdorf,first_time_use,3.0,2390.0,2019,100.46
Mitte,first_time_use,1.0,899.0,2018,30.98
Kreuzberg,no_information,2.0,1236.5,1900,46.02
Mitte,first_time_use,4.0,3706.83,2018,141.26
Köpenick,mint_condition,3.0,1550.0,2015,100.0
Tiergarten,refurbished,1.0,660.0,1904,25.0
Kreuzberg,no_information,1.0,914.0,1900,33.7
Mitte,first_time_use,4.0,2555.59,2018,91.72
Prenzlauer,no_information,4.0,2740.0,1906,99.65
Wilmersdorf,mint_condition,3.0,1793.0,1905,110.0
Kreuzberg,no_information,2.0,1266.0,1900,47.13
Kreuzberg,no_information,2.0,1282.5,1900,44.4
Mitte,first_time_use,2.0,1454.74,2018,54.97
Tiergarten,first_time_use,3.0,2439.6,2018,103.6
Kreuzberg,mint_condition,2.0,1970.0,2019,85.6
Mitte,mint_condition,3.0,2811.38,2015,124.95
Mitte,mint_condition,1.0,655.0,2017,23.16
Tiergarten,mint_condition,2.0,1524.0,2018,45.0
Prenzlauer,well_kept,2.0,1489.0,1901,73.41
Mitte,mint_condition,3.0,2300.0,2014,99.47
Wilmersdorf,mint_condition,3.0,2129.0,2019,96.6
Mitte,well_kept,2.0,1350.0,2014,68.0
Mitte,well_kept,3.0,3500.0,2009,165.0
Kreuzberg,no_information,1.0,843.0,1900,32.2
Prenzlauer,no_information,2.0,1357.46,2016,59.8
Friedrichsfelde,mint_condition,3.0,1007.0,2017,79.87
Wedding,mint_condition,1.0,610.0,2018,21.0
Mitte,mint_condition,4.0,3925.0,2016,138.0
Prenzlauer,mint_condition,1.0,1283.71,2016,54.59
Wedding,mint_condition,1.0,622.0,2015,19.22
Prenzlauer,fully_renovated,2.0,1366.0,1996,46.0
Wedding,mint_condition,1.0,780.0,2018,26.0
Wedding,mint_condition,1.0,741.0,2017,20.5
Wedding,mint_condition,1.0,771.0,2017,20.5
Mitte,mint_condition,4.0,4040.0,2015,176.5
Tiergarten,no_information,3.0,1728.0,1895,94.65
Wedding,no_information,2.0,1079.0,1969,50.79
Mitte,no_information,1.5,770.0,1997,35.0
Tiergarten,first_time_use,3.0,2180.0,2018,85.0
Wedding,mint_condition,1.0,720.0,2017,20.5
Mitte,no_information,3.0,2155.5,1879,86.42
Prenzlauer,modernized,1.0,577.0,1908,48.47
Wedding,mint_condition,1.0,772.0,2017,20.5
Tiergarten,well_kept,4.0,1970.0,1900,127.0
Neukölln,modernized,2.0,693.0,1905,57.0
Wedding,mint_condition,1.0,959.0,2017,27.8
Wedding,mint_condition,1.0,649.0,2017,20.5
Wilmersdorf,mint_condition,4.0,2750.0,2017,110.0
Köpenick,well_kept,2.0,1259.0,2017,91.2
Neukölln,fully_renovated,2.0,888.0,1990,68.48
